Run,Assay Type,AvgSpotLen,Bases,BioProject,BioSample,Bytes,Center Name,Consent,dam_treatment_group,DATASTORE filetype,DATASTORE provider,DATASTORE region,Experiment,GEO_Accession (exp),Instrument,LibraryLayout,LibrarySelection,LibrarySource,Organism,Platform,ReleaseDate,create_date,version,Sample Name,source_name,SRA Study,strain,tissue
SRR11795807,Bisulfite-Seq,302,8028483968,PRJNA633097,SAMN14932406,3457872198,GEO,public,control,"sra,fastq,run.zq","ncbi,s3,gs","ncbi.public,gs.us-east1,s3.us-east-1",SRX8347488,GSM4555787,HiSeq X Ten,PAIRED,Reduced Representation,GENOMIC,Mus musculus,ILLUMINA,2020-12-08T00:00:00Z,2020-05-15T12:12:00Z,1,GSM4555787,Sperm,SRP261822,C3H/HeN,sperm
SRR11795808,Bisulfite-Seq,302,8100084846,PRJNA633097,SAMN14932405,3511252420,GEO,public,control,"fastq,sra,run.zq","ncbi,s3,gs","s3.us-east-1,gs.us-east1,ncbi.public",SRX8347489,GSM4555788,HiSeq X Ten,PAIRED,Reduced Representation,GENOMIC,Mus musculus,ILLUMINA,2020-12-08T00:00:00Z,2020-05-15T12:15:00Z,1,GSM4555788,Sperm,SRP261822,C3H/HeN,sperm
SRR11795809,Bisulfite-Seq,302,7518647870,PRJNA633097,SAMN14932404,3253841965,GEO,public,control,"fastq,run.zq,sra","s3,ncbi,gs","ncbi.public,s3.us-east-1,gs.us-east1",SRX8347490,GSM4555789,HiSeq X Ten,PAIRED,Reduced Representation,GENOMIC,Mus musculus,ILLUMINA,2020-12-08T00:00:00Z,2020-05-15T12:15:00Z,1,GSM4555789,Sperm,SRP261822,C3H/HeN,sperm
SRR11795810,Bisulfite-Seq,302,6985041654,PRJNA633097,SAMN14932403,3037414538,GEO,public,control,"fastq,run.zq,sra","ncbi,gs,s3","ncbi.public,s3.us-east-1,gs.us-east1",SRX8347491,GSM4555790,HiSeq X Ten,PAIRED,Reduced Representation,GENOMIC,Mus musculus,ILLUMINA,2020-12-08T00:00:00Z,2020-05-15T12:11:00Z,1,GSM4555790,Sperm,SRP261822,C3H/HeN,sperm
SRR11795811,Bisulfite-Seq,302,8224579212,PRJNA633097,SAMN14932402,3540629303,GEO,public,control,"sra,run.zq,fastq","s3,gs,ncbi","ncbi.public,gs.us-east1,s3.us-east-1",SRX8347492,GSM4555791,HiSeq X Ten,PAIRED,Reduced Representation,GENOMIC,Mus musculus,ILLUMINA,2020-12-08T00:00:00Z,2020-05-15T12:10:00Z,1,GSM4555791,Sperm,SRP261822,C3H/HeN,sperm
SRR11795812,Bisulfite-Seq,302,9462480836,PRJNA633097,SAMN14932401,4044351903,GEO,public,arsenic,"fastq,run.zq,sra","s3,ncbi,gs","gs.us-east1,ncbi.public,s3.us-east-1",SRX8347493,GSM4555792,HiSeq X Ten,PAIRED,Reduced Representation,GENOMIC,Mus musculus,ILLUMINA,2020-12-08T00:00:00Z,2020-05-15T12:18:00Z,1,GSM4555792,Sperm,SRP261822,C3H/HeN,sperm
SRR11795813,Bisulfite-Seq,302,8431479110,PRJNA633097,SAMN14932400,3654519553,GEO,public,arsenic,"run.zq,fastq,sra","gs,ncbi,s3","ncbi.public,s3.us-east-1,gs.us-east1",SRX8347494,GSM4555793,HiSeq X Ten,PAIRED,Reduced Representation,GENOMIC,Mus musculus,ILLUMINA,2020-12-08T00:00:00Z,2020-05-15T12:17:00Z,1,GSM4555793,Sperm,SRP261822,C3H/HeN,sperm
SRR11795814,Bisulfite-Seq,302,8005767830,PRJNA633097,SAMN14932399,3479308296,GEO,public,arsenic,"run.zq,fastq,sra","gs,ncbi,s3","ncbi.public,gs.us-east1,s3.us-east-1",SRX8347495,GSM4555794,HiSeq X Ten,PAIRED,Reduced Representation,GENOMIC,Mus musculus,ILLUMINA,2020-12-08T00:00:00Z,2020-05-15T12:12:00Z,1,GSM4555794,Sperm,SRP261822,C3H/HeN,sperm
SRR11795815,Bisulfite-Seq,302,9550053890,PRJNA633097,SAMN14932398,4170283684,GEO,public,arsenic,"run.zq,fastq,sra","gs,s3,ncbi","s3.us-east-1,ncbi.public,gs.us-east1",SRX8347496,GSM4555795,HiSeq X Ten,PAIRED,Reduced Representation,GENOMIC,Mus musculus,ILLUMINA,2020-12-08T00:00:00Z,2020-05-15T12:18:00Z,1,GSM4555795,Sperm,SRP261822,C3H/HeN,sperm
SRR11795816,Bisulfite-Seq,302,7985955724,PRJNA633097,SAMN14932407,3428571975,GEO,public,arsenic,"fastq,run.zq,sra","s3,gs,ncbi","ncbi.public,s3.us-east-1,gs.us-east1",SRX8347497,GSM4555796,HiSeq X Ten,PAIRED,Reduced Representation,GENOMIC,Mus musculus,ILLUMINA,2020-12-08T00:00:00Z,2020-05-15T12:13:00Z,1,GSM4555796,Sperm,SRP261822,C3H/HeN,sperm
